model,recall,precision,roc_auc
logistic_regression,0.7221445221445222,0.08282979519811774,0.870909990004095
random_forest,0.9655011655011655,0.12650418422820842,0.9949273516330496
xgboost,0.9766899766899767,0.12563718140929536,0.9969239493214608
lightgbm,0.9790209790209791,0.12432656444260257,0.9969914020797913
